<?xml version="1.0"?>
<!--
  Copyright 2002-2004 The Apache Software Foundation

  Licensed under the Apache License, Version 2.0 (the "License");
  you may not use this file except in compliance with the License.
  You may obtain a copy of the License at

      http://www.apache.org/licenses/LICENSE-2.0

  Unless required by applicable law or agreed to in writing, software
  distributed under the License is distributed on an "AS IS" BASIS,
  WITHOUT WARRANTIES OR CONDITIONS OF ANY KIND, either express or implied.
  See the License for the specific language governing permissions and
  limitations under the License.
-->

<!--
Forrest site.xml

This file contains an outline of the site's information content.  It is used to:
- Generate the website menus (though these can be overridden - see docs)
- Provide semantic, location-independent aliases for internal 'site:' URIs, eg
<link href="site:changes"> links to changes.html (or ../changes.html if in
  subdir).
- Provide aliases for external URLs in the external-refs section.  Eg, <link
  href="ext:cocoon"> links to http://xml.apache.org/cocoon/

See http://forrest.apache.org/docs/linking.html for more info.
-->

<site label="Hadoop" href="" xmlns="http://apache.org/forrest/linkmap/1.0">

  <docs label="Overview"> 
    <welcome   label="Welcome"                href="index.html" />
    <overview  label="Overview"               href="zookeeperOver.html" />
    <started   label="Getting Started"        href="zookeeperStarted.html" />
    <relnotes  label="Release Notes"          href="ext:relnotes" />
  </docs>
  
  <docs label="Developer">
    <api       label="API Docs"               href="ext:api/index" />
    <program   label="Programmer's Guide"     href="zookeeperProgrammers.html" />
    <javaEx    label="Java Example"     href="javaExample.html" />
    <barTutor  label="Barrier and Queue Tutorial" href="zookeeperTutorial.html" />
    <recipes   label="Recipes"		      href="recipes.html" />
  </docs>
  
  <docs label="BookKeeper">
      <bkStarted label="Getting started"  href="bookkeeperStarted.html" />
      <bkOverview label="Overview"            href="bookkeeperOverview.html" />
      <bkProgrammer   label="Setup guide"                    href="bookkeeperConfig.html" />
      <bkProgrammer   label="Programmer's guide"                    href="bookkeeperProgrammer.html" />
  </docs>
  
  <docs label="Admin &amp; Ops">
      <admin label="Administrator's Guide"  href="zookeeperAdmin.html" />
      <quota label="Quota Guide"            href="zookeeperQuotas.html" />
      <jmx   label="JMX"                    href="zookeeperJMX.html" />
      <observers label="Observers Guide" href="zookeeperObservers.html" />
  </docs>
  
  <docs label="Contributor">
      <internals label="ZooKeeper Internals"	href="zookeeperInternals.html" />
  </docs>
  
  <docs label="Miscellaneous">
    <wiki      label="Wiki"                   href="ext:wiki" />
    <faq       label="FAQ"                    href="ext:faq" />
    <lists     label="Mailing Lists"          href="ext:lists" />
    <!--<other     label="Other Info"	      href="zookeeperOtherInfo.html" />-->
  </docs>
  
  

  <external-refs>
    <site      href="http://hadoop.apache.org/zookeeper/"/>
    <lists     href="http://hadoop.apache.org/zookeeper/mailing_lists.html"/>
    <releases  href="http://hadoop.apache.org/zookeeper/releases.html">
      <download href="#Download" />
    </releases>
    <jira      href="http://hadoop.apache.org/zookeeper/issue_tracking.html"/>
    <wiki      href="http://wiki.apache.org/hadoop/ZooKeeper" />
    <faq       href="http://wiki.apache.org/hadoop/ZooKeeper/FAQ" />
    <zlib      href="http://www.zlib.net/" />
    <lzo       href="http://www.oberhumer.com/opensource/lzo/" />
    <gzip      href="http://www.gzip.org/" />
    <cygwin    href="http://www.cygwin.com/" />
    <osx       href="http://www.apple.com/macosx" />
    <relnotes  href="releasenotes.html" />
    <api href="api/">
      <started href="overview-summary.html#overview_description" />
      <index href="index.html" />
      <org href="org/">
        <apache href="apache/">
          <hadoop href="hadoop/">
            <zookeeper href="zookeeper/">
            </zookeeper>
          </hadoop>
        </apache>
      </org>
    </api>
  </external-refs>
 
</site>
